LCU,LSU,MXCU,RC0,RC1,RC2,RC3,KMEM
0x0,0x5d49e,0x0,0x0,0x0,0x0,0x0,0x0
0x9c540,0x4c80,0x0,0x0,0x0,0x0,0x0,0x18026
0x98f00,0x453a,0x40,0x0,0x0,0x0,0x0,0x393b0
0xf8fc8,0x412c,0x353b180,0x0,0x0,0x0,0x0,0x0
0x18f80,0x4c9b,0x31db000,0x0,0x0,0x0,0x0,0x0
0x0,0x4c99,0x34ec000,0x0,0x0,0x0,0x0,0x0
0x0,0x938,0x6cee000,0x0,0x0,0x0,0x0,0x0
0x0,0x403f,0x4ce80c0,0x0,0x0,0x0,0x0,0x0
0x0,0x4c0bf,0xc0,0x0,0x0,0x0,0x0,0x0
0x0,0x40539,0x0,0x0,0x0,0x0,0x0,0x0
0x0,0x4c80,0x302f,0x420,0x420,0x420,0x420,0x0
0x0,0x4c80,0x51800f,0x440,0x440,0x440,0x440,0x0
0x3920f,0x941bf,0x4ce8100,0x0,0x0,0x0,0x0,0x0
0x3d224,0x4c1bf,0x24ee140,0x0,0x0,0x0,0x0,0x0
0x0,0x4c80,0x51802f,0x5a0,0x5a0,0x5a0,0x5a0,0x0
0x39213,0x4c03f,0x4ce80c0,0x0,0x0,0x0,0x0,0x0
0x3d224,0xa09,0x0,0x0,0x0,0x0,0x0,
0x0,0x4c80,0x0,0x5a0,0x5a0,0x5a0,0x5a0,
0x0,0x4c80,0x51800f,0xa440,0xa440,0xa440,0xa440,
0x0,0x81b3b,0x6cee000,0x0,0x0,0x0,0x0,
0x59786,0x418b,0x40,0x0,0x0,0x0,0x0,
0x2d819,0x4c80,0x0,0x0,0x0,0x0,0x0,
0x0,0x349d,0x0,0x0,0x0,0x0,0x0,
0x0,0x449f,0x100,0x0,0x0,0x0,0x0,
0xd921b,0x156a,0x0,0x0,0x0,0x0,0x0,
0x0,0x549d,0x1cee000,0x0,0x0,0x0,0x0,
0x0,0x449f,0xc0,0x0,0x0,0x0,0x0,
0x0,0x43abf,0x0,0x0,0x0,0x0,0x0,
0x0,0x4bc99,0x0,0x0,0x0,0x0,0x0,
0x0,0xccc80,0x0,0x0,0x0,0x0,0x0,
0x0,0x94c80,0x0,0x0,0x0,0x0,0x0,
0x0,0xc3acf,0x0,0x0,0x0,0x0,0x0,
0x0,0xd3acf,0x0,0x0,0x0,0x0,0x0,
0x0,0x90abf,0x0,0x0,0x0,0x0,0x0,
0x39743,0x355e,0x0,0x0,0x0,0x0,0x0,
0xd9c00,0x4c80,0x0,0x0,0x0,0x0,0x0,
0x0,0x4c80,0x0,0x6920,0x0,0x6920,0x0,
0x0,0x4c80,0x1a,0x0,0x1a920,0x0,0x1a920,
0x0,0x4c80,0x1a,0x0,0x1a920,0x0,0x1a920,
0x0,0x5d49e,0x0,0x0,0x0,0x0,0x0,
0x98f00,0x4c80,0x40,0x0,0x0,0x0,0x0,
0x1c380,0x453a,0x40,0x0,0x0,0x0,0x0,
0x0,0x412c,0x353b180,0x0,0x0,0x0,0x0,
0x0,0x4c9b,0x31db000,0x0,0x0,0x0,0x0,
0x0,0x4c99,0x34ec000,0x0,0x0,0x0,0x0,
0x0,0x938,0x6cee000,0x0,0x0,0x0,0x0,
0x0,0x403f,0x4ce80c0,0x0,0x0,0x0,0x0,
0x0,0x4c0bf,0xc0,0x0,0x0,0x0,0x0,
0xb8fc0,0x40539,0x0,0x0,0x0,0x0,0x0,
0x0,0x4c80,0x302f,0x420,0x420,0x420,0x420,
0x797ca,0x4c80,0x51800f,0x440,0x440,0x440,0x440,
0xb8fc0,0x941bf,0x4ce8100,0x0,0x0,0x0,0x0,
0xd8f40,0x4c1bf,0x24ee140,0x0,0x0,0x0,0x0,
0x797ce,0x4c80,0x51802f,0x5a0,0x5a0,0x5a0,0x5a0,
0xb8fc0,0x4c03f,0x4ce80c0,0x0,0x0,0x0,0x0,
0xdcf40,0xa09,0x0,0x0,0x0,0x0,0x0,
0x0,0x4c80,0x0,0x5a0,0x5a0,0x5a0,0x5a0,
0x797d1,0x4c80,0x51800f,0xa020,0xa020,0xa020,0xa020,
0x0,0x81b3b,0x6cee000,0x0,0x0,0x0,0x0,
0x0,0x418b,0x40,0x0,0x0,0x0,0x0,
0x0,0x4c80,0x0,0x0,0x0,0x0,0x0,
0xd8f40,0x349d,0x0,0x0,0x0,0x0,0x0,
0x5c980,0x449f,0x140,0x0,0x0,0x0,0x0,
0x5c5c0,0x156a,0x0,0x0,0x0,0x0,0x0,
0x18fc0,0x549d,0x1cee000,0x0,0x0,0x0,0x0,
0xdcf40,0x449f,0xc0,0x0,0x0,0x0,0x0,
0x0,0x43abf,0x0,0x0,0x0,0x0,0x0,
0x39220,0x4bc99,0x0,0x0,0x0,0x0,0x0,
0x0,0xccc80,0x0,0x0,0x0,0x0,0x0,
0x0,0x94c80,0x0,0x0,0x0,0x0,0x0,
0xd9221,0xc3acf,0x0,0x0,0x0,0x0,0x0,
0x0,0xd3acf,0x0,0x0,0x0,0x0,0x0,
0x797db,0x90abf,0x0,0x0,0x0,0x0,0x0,
0x0,0x355e,0x0,0x0,0x0,0x0,0x0,
0x0,0x4c80,0x0,0x0,0x0,0x0,0x0,
0x3d226,0x4c80,0x0,0x6920,0x0,0x6920,0x0,
0xd920e,0x4c80,0x1a,0x0,0x1a920,0x0,0x1a920,
0xd9211,0x4c80,0x1a,0x0,0x1a920,0x0,0x1a920,
0x0,0x4c80,0x0,0x0,0x0,0x0,0x0,
0xf8fc8,0x5d498,0x0,0x0,0x0,0x0,0x0,
0x98f00,0x4c80,0x0,0x0,0x0,0x0,0x0,
0x0,0x4029,0x80,0x0,0x0,0x0,0x0,
0x0,0x4c9a,0x0,0x0,0x0,0x0,0x0,
0x0,0x49b,0x0,0x0,0x0,0x0,0x0,
0x0,0x41bf,0xc0,0x0,0x0,0x0,0x0,
0x0,0x4c13f,0xc0,0x0,0x0,0x0,0x0,
0xd20a,0x41d3a,0x0,0x0,0x0,0x0,0x0,
0xd920b,0xd108a,0x0,0x0,0x0,0x0,0x0,
0x0,0xe108a,0x0,0x0,0x0,0x0,0x0,
0xd20d,0x941bf,0xc0,0x0,0x0,0x0,0x0,
0xd920e,0xd903b,0x0,0x0,0x0,0x0,0x0,
0x0,0xe903b,0x0,0x0,0x0,0x0,0x0,
0x0,0x941bf,0xc0,0x0,0x0,0x0,0x0,
0xd703,0x558,0x0,0x0,0x0,0x0,0x0,
0x99230,0x4c9d,0x100,0x0,0x0,0x0,0x0,
0x9c740,0x455c,0x40,0x0,0x0,0x0,0x0,
0xd8f00,0x4499,0x140,0x0,0x0,0x0,0x0,
0x0,0x254a,0x0,0x0,0x0,0x0,0x0,
0x0,0x42b8,0x140,0x0,0x0,0x0,0x0,
0x0,0x2c7e,0x180,0x0,0x0,0x0,0x0,
0x0,0x343f,0xc0,0x0,0x0,0x0,0x0,
0x0,0x4049f,0x0,0x0,0x0,0x0,0x0,
0x1941a,0x4ba3f,0x4ce8000,0x0,0x0,0x0,0x0,
0x0,0x4c80,0x0,0x2922,0x0,0x0,0x0,
0x0,0x4c80,0x51802f,0x5a0,0x5a0,0x5a0,0x5a0,
0x0,0x4ba3f,0x4ce8000,0x0,0x0,0x0,0x0,
0x0,0x4c80,0x0,0x5a0,0x5a0,0x5a0,0x5a0,
0x0,0x4c80,0x51802f,0xa440,0xa440,0xa440,0xa440,
0x1c300,0x4ba38,0x0,0x0,0x0,0x0,0x0,
0x0,0x312e,0x0,0x0,0x0,0x0,0x0,
0x0,0x343f,0xc0,0x0,0x0,0x0,0x0,
0x0,0x4049f,0x4ce8000,0x0,0x0,0x0,0x0,
0x0,0x4c80,0x0,0x105a3,0x5a0,0x5a3,0x5a0,
0xdcf80,0x4c80,0x0,0x1a920,0x0,0x1a920,0x0,
0xb8fc0,0x4c80,0x5189ef,0x9420,0x9820,0x9420,0x9820,
0x5c380,0x4c80,0x44e89c0,0x5a0,0x5a0,0x5a0,0x5a0,
0x7c5c0,0x4c80,0x44e89ef,0x9820,0x9c20,0x9820,0x9c20,
0x0,0x48c9f,0x4ce8000,0x0,0x0,0x0,0x0,
0x0,0x4c80,0x0,0x105a0,0x5a0,0x5a0,0x5a0,
0x0,0x4c80,0x25,0xa420,0x26920,0xa420,0x26920,
0x0,0xd39,0x0,0x1a920,0x0,0x1a920,0x0,
0xb8fc0,0x4c80,0x5189ea,0x2922,0x9820,0x0,0x9820,
0x0,0x4c80,0x519000,0x5a0,0x5a0,0x5a0,0x5a0,
0x0,0x4c80,0x44e81c0,0x26920,0x26920,0x26920,0x26920,
0x7c5c0,0x4c80,0xce89ef,0x9820,0x9c20,0x9820,0x9c20,
0x5814,0x92d3d,0x0,0x0,0x0,0x0,0x0,
0x1c00,0x4c80,0x0,0x0,0x0,0x0,0x0,
0x0,0x4c80,0x0,0x0,0x0,0x0,0x0,
0x0,0x5d498,0x0,0x0,0x0,0x0,0x0,
0x0,0x4c80,0x0,0x0,0x0,0x0,0x0,
0x0,0x4029,0x80,0x0,0x0,0x0,0x0,
0x9c500,0x4c9a,0x40,0x0,0x0,0x0,0x0,
0x0,0x49b,0x0,0x0,0x0,0x0,0x0,
0x0,0x41bf,0xc0,0x0,0x0,0x0,0x0,
0x0,0x4c13f,0xc0,0x0,0x0,0x0,0x0,
0x0,0x41d3a,0x0,0x0,0x0,0x0,0x0,
0x0,0xd108a,0x0,0x0,0x0,0x0,0x0,
0x0,0xe108a,0x0,0x0,0x0,0x0,0x0,
0x0,0x941bf,0xc0,0x0,0x0,0x0,0x0,
0x0,0xd903b,0x0,0x0,0x0,0x0,0x0,
0x0,0xe903b,0x0,0x0,0x0,0x0,0x0,
0x19707,0x941bf,0xc0,0x0,0x0,0x0,0x0,
0x0,0x558,0x0,0x0,0x0,0x0,0x0,
0x0,0x4c9d,0x0,0x0,0x0,0x0,0x0,
0x0,0x455c,0x40,0x0,0x0,0x0,0x0,
0x0,0x4239,0x140,0x0,0x0,0x0,0x0,
0x0,0x254a,0x0,0x0,0x0,0x0,0x0,
0x0,0x42b8,0x140,0x0,0x0,0x0,0x0,
0xb8fc0,0x2c7e,0x180,0x0,0x0,0x0,0x0,
0x0,0x343f,0xc0,0x0,0x0,0x0,0x0,
0x0,0x4049f,0x0,0x0,0x0,0x0,0x0,
0x0,0x4ba3f,0x4ce8000,0x0,0x0,0x0,0x0,
0x0,0x4c80,0x0,0x2922,0x0,0x0,0x0,
0x797da,0x4c80,0x51802f,0x5a0,0x5a0,0x5a0,0x5a0,
0xb8fc0,0x4ba3f,0x4ce8000,0x0,0x0,0x0,0x0,
0x0,0x4c80,0x0,0x5a0,0x5a0,0x5a0,0x5a0,
0x797dc,0x4c80,0x51802f,0xa020,0xa420,0xa020,0xa420,
0x0,0x4ba38,0x0,0x0,0x0,0x0,0x0,
0x0,0x312e,0x0,0x0,0x0,0x0,0x0,
0x0,0x343f,0xc0,0x0,0x0,0x0,0x0,
0x0,0x4049f,0x4ce8000,0x0,0x0,0x0,0x0,
0x0,0x4c80,0x0,0x105a3,0x5a0,0x5a3,0x5a0,
0x5cf80,0x4c80,0x0,0x1a920,0x0,0x1a920,0x0,
0xb8fc0,0x4c80,0x5189ef,0x9440,0x9840,0x9440,0x9840,
0x5c380,0x4c80,0x44e89c0,0x5a0,0x5a0,0x5a0,0x5a0,
0x7d7e5,0x4c80,0x44e89ef,0x9840,0x9c40,0x9840,0x9c40,
0x0,0x48c9f,0x4ce8000,0x0,0x0,0x0,0x0,
0x0,0x4c80,0x0,0x105a0,0x5a0,0x5a0,0x5a0,
0x0,0x4c80,0x25,0xa020,0x26920,0xa020,0x26920,
0x0,0xd39,0x0,0x1a920,0x0,0x1a920,0x0,
0xb8fc0,0x4c80,0x5189ea,0x2922,0x9820,0x0,0x9820,
0x0,0x4c80,0x519000,0x5a0,0x5a0,0x5a0,0x5a0,
0x0,0x4c80,0x44e81c0,0x22920,0x22920,0x22920,0x22920,
0x7d7ec,0x4c80,0xce89ef,0x9820,0x9c20,0x9820,0x9c20,
0x0,0x92d3d,0x0,0x0,0x0,0x0,0x0,
0x0,0x4c80,0x0,0x0,0x0,0x0,0x0,
0x0,0x4c80,0x0,0x0,0x0,0x0,0x0,
0x0,0x4c80,0x0,0x0,0x0,0x0,0x0,
0x0,0x4c80,0x0,0x0,0x0,0x0,0x0,
0x0,0x4c80,0x0,0x0,0x0,0x0,0x0,
0x0,0x4c80,0x0,0x0,0x0,0x0,0x0,
0x0,0x4c80,0x0,0x0,0x0,0x0,0x0,
0x0,0x4c80,0x0,0x0,0x0,0x0,0x0,
0x0,0x4c80,0x0,0x0,0x0,0x0,0x0,
0x0,0x4c80,0x0,0x0,0x0,0x0,0x0,
0x0,0x4c80,0x0,0x0,0x0,0x0,0x0,
0x0,0x4c80,0x0,0x0,0x0,0x0,0x0,
0x0,0x4c80,0x0,0x0,0x0,0x0,0x0,
0x0,0x4c80,0x0,0x0,0x0,0x0,0x0,
0x0,0x4c80,0x0,0x0,0x0,0x0,0x0,
0x0,0x4c80,0x0,0x0,0x0,0x0,0x0,
0x0,0x4c80,0x0,0x0,0x0,0x0,0x0,
0x0,0x4c80,0x0,0x0,0x0,0x0,0x0,
0x0,0x4c80,0x0,0x0,0x0,0x0,0x0,
0x0,0x4c80,0x0,0x0,0x0,0x0,0x0,
0x0,0x4c80,0x0,0x0,0x0,0x0,0x0,
0x0,0x4c80,0x0,0x0,0x0,0x0,0x0,
0x0,0x4c80,0x0,0x0,0x0,0x0,0x0,
0x0,0x4c80,0x0,0x0,0x0,0x0,0x0,
0x0,0x4c80,0x0,0x0,0x0,0x0,0x0,
0x0,0x4c80,0x0,0x0,0x0,0x0,0x0,
0x0,0x4c80,0x0,0x0,0x0,0x0,0x0,
0x0,0x4c80,0x0,0x0,0x0,0x0,0x0,
0x0,0x4c80,0x0,0x0,0x0,0x0,0x0,
0x0,0x4c80,0x0,0x0,0x0,0x0,0x0,
0x0,0x4c80,0x0,0x0,0x0,0x0,0x0,
0x0,0x4c80,0x0,0x0,0x0,0x0,0x0,
0x0,0x4c80,0x0,0x0,0x0,0x0,0x0,
0x0,0x4c80,0x0,0x0,0x0,0x0,0x0,
0x0,0x4c80,0x0,0x0,0x0,0x0,0x0,
0x0,0x4c80,0x0,0x0,0x0,0x0,0x0,
0x0,0x4c80,0x0,0x0,0x0,0x0,0x0,
0x0,0x4c80,0x0,0x0,0x0,0x0,0x0,
0x0,0x4c80,0x0,0x0,0x0,0x0,0x0,
0x0,0x4c80,0x0,0x0,0x0,0x0,0x0,
0x0,0x4c80,0x0,0x0,0x0,0x0,0x0,
0x0,0x4c80,0x0,0x0,0x0,0x0,0x0,
0x0,0x4c80,0x0,0x0,0x0,0x0,0x0,
0x0,0x4c80,0x0,0x0,0x0,0x0,0x0,
0x0,0x4c80,0x0,0x0,0x0,0x0,0x0,
0x0,0x4c80,0x0,0x0,0x0,0x0,0x0,
0x0,0x4c80,0x0,0x0,0x0,0x0,0x0,
0x0,0x4c80,0x0,0x0,0x0,0x0,0x0,
0x0,0x4c80,0x0,0x0,0x0,0x0,0x0,
0x0,0x4c80,0x0,0x0,0x0,0x0,0x0,
0x0,0x4c80,0x0,0x0,0x0,0x0,0x0,
0x0,0x4c80,0x0,0x0,0x0,0x0,0x0,
0x0,0x4c80,0x0,0x0,0x0,0x0,0x0,
0x0,0x4c80,0x0,0x0,0x0,0x0,0x0,
0x0,0x4c80,0x0,0x0,0x0,0x0,0x0,
0x0,0x4c80,0x0,0x0,0x0,0x0,0x0,
0x0,0x4c80,0x0,0x0,0x0,0x0,0x0,
0x0,0x4c80,0x0,0x0,0x0,0x0,0x0,
0x0,0x4c80,0x0,0x0,0x0,0x0,0x0,
0x0,0x4c80,0x0,0x0,0x0,0x0,0x0,
0x0,0x4c80,0x0,0x0,0x0,0x0,0x0,
0x0,0x4c80,0x0,0x0,0x0,0x0,0x0,
0x0,0x4c80,0x0,0x0,0x0,0x0,0x0,
0x0,0x4c80,0x0,0x0,0x0,0x0,0x0,
0x0,0x4c80,0x0,0x0,0x0,0x0,0x0,
0x0,0x4c80,0x0,0x0,0x0,0x0,0x0,
0x0,0x4c80,0x0,0x0,0x0,0x0,0x0,
0x0,0x4c80,0x0,0x0,0x0,0x0,0x0,
0x0,0x4c80,0x0,0x0,0x0,0x0,0x0,
0x0,0x4c80,0x0,0x0,0x0,0x0,0x0,
0x0,0x4c80,0x0,0x0,0x0,0x0,0x0,
0x0,0x4c80,0x0,0x0,0x0,0x0,0x0,
0x0,0x4c80,0x0,0x0,0x0,0x0,0x0,
0x0,0x4c80,0x0,0x0,0x0,0x0,0x0,
0x0,0x4c80,0x0,0x0,0x0,0x0,0x0,
0x0,0x4c80,0x0,0x0,0x0,0x0,0x0,
0x0,0x4c80,0x0,0x0,0x0,0x0,0x0,
0x0,0x4c80,0x0,0x0,0x0,0x0,0x0,
0x0,0x4c80,0x0,0x0,0x0,0x0,0x0,
0x0,0x4c80,0x0,0x0,0x0,0x0,0x0,
0x0,0x4c80,0x0,0x0,0x0,0x0,0x0,
0x0,0x4c80,0x0,0x0,0x0,0x0,0x0,
0x0,0x4c80,0x0,0x0,0x0,0x0,0x0,
0x0,0x4c80,0x0,0x0,0x0,0x0,0x0,
0x0,0x4c80,0x0,0x0,0x0,0x0,0x0,
0x0,0x4c80,0x0,0x0,0x0,0x0,0x0,
0x0,0x4c80,0x0,0x0,0x0,0x0,0x0,
0x0,0x4c80,0x0,0x0,0x0,0x0,0x0,
0x0,0x4c80,0x0,0x0,0x0,0x0,0x0,
0x0,0x4c80,0x0,0x0,0x0,0x0,0x0,
0x0,0x4c80,0x0,0x0,0x0,0x0,0x0,
0x0,0x4c80,0x0,0x0,0x0,0x0,0x0,
0x0,0x4c80,0x0,0x0,0x0,0x0,0x0,
0x0,0x4c80,0x0,0x0,0x0,0x0,0x0,
0x0,0x4c80,0x0,0x0,0x0,0x0,0x0,
0x0,0x4c80,0x0,0x0,0x0,0x0,0x0,
0x0,0x4c80,0x0,0x0,0x0,0x0,0x0,
0x0,0x4c80,0x0,0x0,0x0,0x0,0x0,
0x0,0x4c80,0x0,0x0,0x0,0x0,0x0,
0x0,0x4c80,0x0,0x0,0x0,0x0,0x0,
0x0,0x4c80,0x0,0x0,0x0,0x0,0x0,
0x0,0x4c80,0x0,0x0,0x0,0x0,0x0,
0x0,0x4c80,0x0,0x0,0x0,0x0,0x0,
0x0,0x4c80,0x0,0x0,0x0,0x0,0x0,
0x0,0x4c80,0x0,0x0,0x0,0x0,0x0,
0x0,0x4c80,0x0,0x0,0x0,0x0,0x0,
0x0,0x4c80,0x0,0x0,0x0,0x0,0x0,
0x0,0x4c80,0x0,0x0,0x0,0x0,0x0,
0x0,0x4c80,0x0,0x0,0x0,0x0,0x0,
0x0,0x4c80,0x0,0x0,0x0,0x0,0x0,
0x0,0x4c80,0x0,0x0,0x0,0x0,0x0,
0x0,0x4c80,0x0,0x0,0x0,0x0,0x0,
0x0,0x4c80,0x0,0x0,0x0,0x0,0x0,
0x0,0x4c80,0x0,0x0,0x0,0x0,0x0,
0x0,0x4c80,0x0,0x0,0x0,0x0,0x0,
0x0,0x4c80,0x0,0x0,0x0,0x0,0x0,
0x0,0x4c80,0x0,0x0,0x0,0x0,0x0,
0x0,0x4c80,0x0,0x0,0x0,0x0,0x0,
0x0,0x4c80,0x0,0x0,0x0,0x0,0x0,
0x0,0x4c80,0x0,0x0,0x0,0x0,0x0,
0x0,0x4c80,0x0,0x0,0x0,0x0,0x0,
0x0,0x4c80,0x0,0x0,0x0,0x0,0x0,
0x0,0x4c80,0x0,0x0,0x0,0x0,0x0,
0x0,0x4c80,0x0,0x0,0x0,0x0,0x0,
0x0,0x4c80,0x0,0x0,0x0,0x0,0x0,
0x0,0x4c80,0x0,0x0,0x0,0x0,0x0,
0x0,0x4c80,0x0,0x0,0x0,0x0,0x0,
0x0,0x4c80,0x0,0x0,0x0,0x0,0x0,
0x0,0x4c80,0x0,0x0,0x0,0x0,0x0,
0x0,0x4c80,0x0,0x0,0x0,0x0,0x0,
0x0,0x4c80,0x0,0x0,0x0,0x0,0x0,
0x0,0x4c80,0x0,0x0,0x0,0x0,0x0,
0x0,0x4c80,0x0,0x0,0x0,0x0,0x0,
0x0,0x4c80,0x0,0x0,0x0,0x0,0x0,
0x0,0x4c80,0x0,0x0,0x0,0x0,0x0,
0x0,0x4c80,0x0,0x0,0x0,0x0,0x0,
0x0,0x4c80,0x0,0x0,0x0,0x0,0x0,
0x0,0x4c80,0x0,0x0,0x0,0x0,0x0,
0x0,0x4c80,0x0,0x0,0x0,0x0,0x0,
0x0,0x4c80,0x0,0x0,0x0,0x0,0x0,
0x0,0x4c80,0x0,0x0,0x0,0x0,0x0,
0x0,0x4c80,0x0,0x0,0x0,0x0,0x0,
0x0,0x4c80,0x0,0x0,0x0,0x0,0x0,
0x0,0x4c80,0x0,0x0,0x0,0x0,0x0,
0x0,0x4c80,0x0,0x0,0x0,0x0,0x0,
0x0,0x4c80,0x0,0x0,0x0,0x0,0x0,
0x0,0x4c80,0x0,0x0,0x0,0x0,0x0,
0x0,0x4c80,0x0,0x0,0x0,0x0,0x0,
0x0,0x4c80,0x0,0x0,0x0,0x0,0x0,
0x0,0x4c80,0x0,0x0,0x0,0x0,0x0,
0x0,0x4c80,0x0,0x0,0x0,0x0,0x0,
0x0,0x4c80,0x0,0x0,0x0,0x0,0x0,
0x0,0x4c80,0x0,0x0,0x0,0x0,0x0,
0x0,0x4c80,0x0,0x0,0x0,0x0,0x0,
0x0,0x4c80,0x0,0x0,0x0,0x0,0x0,
0x0,0x4c80,0x0,0x0,0x0,0x0,0x0,
0x0,0x4c80,0x0,0x0,0x0,0x0,0x0,
0x0,0x4c80,0x0,0x0,0x0,0x0,0x0,
0x0,0x4c80,0x0,0x0,0x0,0x0,0x0,
0x0,0x4c80,0x0,0x0,0x0,0x0,0x0,
0x0,0x4c80,0x0,0x0,0x0,0x0,0x0,
0x0,0x4c80,0x0,0x0,0x0,0x0,0x0,
0x0,0x4c80,0x0,0x0,0x0,0x0,0x0,
0x0,0x4c80,0x0,0x0,0x0,0x0,0x0,
0x0,0x4c80,0x0,0x0,0x0,0x0,0x0,
0x0,0x4c80,0x0,0x0,0x0,0x0,0x0,
0x0,0x4c80,0x0,0x0,0x0,0x0,0x0,
0x0,0x4c80,0x0,0x0,0x0,0x0,0x0,
0x0,0x4c80,0x0,0x0,0x0,0x0,0x0,
0x0,0x4c80,0x0,0x0,0x0,0x0,0x0,
0x0,0x4c80,0x0,0x0,0x0,0x0,0x0,
0x0,0x4c80,0x0,0x0,0x0,0x0,0x0,
0x0,0x4c80,0x0,0x0,0x0,0x0,0x0,
0x0,0x4c80,0x0,0x0,0x0,0x0,0x0,
0x0,0x4c80,0x0,0x0,0x0,0x0,0x0,
0x0,0x4c80,0x0,0x0,0x0,0x0,0x0,
0x0,0x4c80,0x0,0x0,0x0,0x0,0x0,
0x0,0x4c80,0x0,0x0,0x0,0x0,0x0,
0x0,0x4c80,0x0,0x0,0x0,0x0,0x0,
0x0,0x4c80,0x0,0x0,0x0,0x0,0x0,
0x0,0x4c80,0x0,0x0,0x0,0x0,0x0,
0x0,0x4c80,0x0,0x0,0x0,0x0,0x0,
0x0,0x4c80,0x0,0x0,0x0,0x0,0x0,
0x0,0x4c80,0x0,0x0,0x0,0x0,0x0,
0x0,0x4c80,0x0,0x0,0x0,0x0,0x0,
0x0,0x4c80,0x0,0x0,0x0,0x0,0x0,
0x0,0x4c80,0x0,0x0,0x0,0x0,0x0,
0x0,0x4c80,0x0,0x0,0x0,0x0,0x0,
0x0,0x4c80,0x0,0x0,0x0,0x0,0x0,
0x0,0x4c80,0x0,0x0,0x0,0x0,0x0,
0x0,0x4c80,0x0,0x0,0x0,0x0,0x0,
0x0,0x4c80,0x0,0x0,0x0,0x0,0x0,
0x0,0x4c80,0x0,0x0,0x0,0x0,0x0,
0x0,0x4c80,0x0,0x0,0x0,0x0,0x0,
0x0,0x4c80,0x0,0x0,0x0,0x0,0x0,
0x0,0x4c80,0x0,0x0,0x0,0x0,0x0,
0x0,0x4c80,0x0,0x0,0x0,0x0,0x0,
0x0,0x4c80,0x0,0x0,0x0,0x0,0x0,
0x0,0x4c80,0x0,0x0,0x0,0x0,0x0,
0x0,0x4c80,0x0,0x0,0x0,0x0,0x0,
0x0,0x4c80,0x0,0x0,0x0,0x0,0x0,
0x0,0x4c80,0x0,0x0,0x0,0x0,0x0,
0x0,0x4c80,0x0,0x0,0x0,0x0,0x0,
0x0,0x4c80,0x0,0x0,0x0,0x0,0x0,
0x0,0x4c80,0x0,0x0,0x0,0x0,0x0,
0x0,0x4c80,0x0,0x0,0x0,0x0,0x0,
0x0,0x4c80,0x0,0x0,0x0,0x0,0x0,
0x0,0x4c80,0x0,0x0,0x0,0x0,0x0,
0x0,0x4c80,0x0,0x0,0x0,0x0,0x0,
0x0,0x4c80,0x0,0x0,0x0,0x0,0x0,
0x0,0x4c80,0x0,0x0,0x0,0x0,0x0,
0x0,0x4c80,0x0,0x0,0x0,0x0,0x0,
0x0,0x4c80,0x0,0x0,0x0,0x0,0x0,
0x0,0x4c80,0x0,0x0,0x0,0x0,0x0,
0x0,0x4c80,0x0,0x0,0x0,0x0,0x0,
0x0,0x4c80,0x0,0x0,0x0,0x0,0x0,
0x0,0x4c80,0x0,0x0,0x0,0x0,0x0,
0x0,0x4c80,0x0,0x0,0x0,0x0,0x0,
0x0,0x4c80,0x0,0x0,0x0,0x0,0x0,
0x0,0x4c80,0x0,0x0,0x0,0x0,0x0,
0x0,0x4c80,0x0,0x0,0x0,0x0,0x0,
0x0,0x4c80,0x0,0x0,0x0,0x0,0x0,
0x0,0x4c80,0x0,0x0,0x0,0x0,0x0,
0x0,0x4c80,0x0,0x0,0x0,0x0,0x0,
0x0,0x4c80,0x0,0x0,0x0,0x0,0x0,
0x0,0x4c80,0x0,0x0,0x0,0x0,0x0,
0x0,0x4c80,0x0,0x0,0x0,0x0,0x0,
0x0,0x4c80,0x0,0x0,0x0,0x0,0x0,
0x0,0x4c80,0x0,0x0,0x0,0x0,0x0,
0x0,0x4c80,0x0,0x0,0x0,0x0,0x0,
0x0,0x4c80,0x0,0x0,0x0,0x0,0x0,
0x0,0x4c80,0x0,0x0,0x0,0x0,0x0,
0x0,0x4c80,0x0,0x0,0x0,0x0,0x0,
0x0,0x4c80,0x0,0x0,0x0,0x0,0x0,
0x0,0x4c80,0x0,0x0,0x0,0x0,0x0,
0x0,0x4c80,0x0,0x0,0x0,0x0,0x0,
0x0,0x4c80,0x0,0x0,0x0,0x0,0x0,
0x0,0x4c80,0x0,0x0,0x0,0x0,0x0,
0x0,0x4c80,0x0,0x0,0x0,0x0,0x0,
0x0,0x4c80,0x0,0x0,0x0,0x0,0x0,
0x0,0x4c80,0x0,0x0,0x0,0x0,0x0,
0x0,0x4c80,0x0,0x0,0x0,0x0,0x0,
0x0,0x4c80,0x0,0x0,0x0,0x0,0x0,
0x0,0x4c80,0x0,0x0,0x0,0x0,0x0,
0x0,0x4c80,0x0,0x0,0x0,0x0,0x0,
0x0,0x4c80,0x0,0x0,0x0,0x0,0x0,
0x0,0x4c80,0x0,0x0,0x0,0x0,0x0,
0x0,0x4c80,0x0,0x0,0x0,0x0,0x0,
0x0,0x4c80,0x0,0x0,0x0,0x0,0x0,
0x0,0x4c80,0x0,0x0,0x0,0x0,0x0,
0x0,0x4c80,0x0,0x0,0x0,0x0,0x0,
0x0,0x4c80,0x0,0x0,0x0,0x0,0x0,
0x0,0x4c80,0x0,0x0,0x0,0x0,0x0,
0x0,0x4c80,0x0,0x0,0x0,0x0,0x0,
0x0,0x4c80,0x0,0x0,0x0,0x0,0x0,
0x0,0x4c80,0x0,0x0,0x0,0x0,0x0,
0x0,0x4c80,0x0,0x0,0x0,0x0,0x0,
0x0,0x4c80,0x0,0x0,0x0,0x0,0x0,
0x0,0x4c80,0x0,0x0,0x0,0x0,0x0,
0x0,0x4c80,0x0,0x0,0x0,0x0,0x0,
0x0,0x4c80,0x0,0x0,0x0,0x0,0x0,
0x0,0x4c80,0x0,0x0,0x0,0x0,0x0,
0x0,0x4c80,0x0,0x0,0x0,0x0,0x0,
0x0,0x4c80,0x0,0x0,0x0,0x0,0x0,
0x0,0x4c80,0x0,0x0,0x0,0x0,0x0,
0x0,0x4c80,0x0,0x0,0x0,0x0,0x0,
0x0,0x4c80,0x0,0x0,0x0,0x0,0x0,
0x0,0x4c80,0x0,0x0,0x0,0x0,0x0,
0x0,0x4c80,0x0,0x0,0x0,0x0,0x0,
0x0,0x4c80,0x0,0x0,0x0,0x0,0x0,
0x0,0x4c80,0x0,0x0,0x0,0x0,0x0,
0x0,0x4c80,0x0,0x0,0x0,0x0,0x0,
0x0,0x4c80,0x0,0x0,0x0,0x0,0x0,
0x0,0x4c80,0x0,0x0,0x0,0x0,0x0,
0x0,0x4c80,0x0,0x0,0x0,0x0,0x0,
0x0,0x4c80,0x0,0x0,0x0,0x0,0x0,
0x0,0x4c80,0x0,0x0,0x0,0x0,0x0,
0x0,0x4c80,0x0,0x0,0x0,0x0,0x0,
0x0,0x4c80,0x0,0x0,0x0,0x0,0x0,
0x0,0x4c80,0x0,0x0,0x0,0x0,0x0,
0x0,0x4c80,0x0,0x0,0x0,0x0,0x0,
0x0,0x4c80,0x0,0x0,0x0,0x0,0x0,
0x0,0x4c80,0x0,0x0,0x0,0x0,0x0,
0x0,0x4c80,0x0,0x0,0x0,0x0,0x0,
0x0,0x4c80,0x0,0x0,0x0,0x0,0x0,
0x0,0x4c80,0x0,0x0,0x0,0x0,0x0,
0x0,0x4c80,0x0,0x0,0x0,0x0,0x0,
0x0,0x4c80,0x0,0x0,0x0,0x0,0x0,
0x0,0x4c80,0x0,0x0,0x0,0x0,0x0,
0x0,0x4c80,0x0,0x0,0x0,0x0,0x0,
0x0,0x4c80,0x0,0x0,0x0,0x0,0x0,
0x0,0x4c80,0x0,0x0,0x0,0x0,0x0,
0x0,0x4c80,0x0,0x0,0x0,0x0,0x0,
0x0,0x4c80,0x0,0x0,0x0,0x0,0x0,
0x0,0x4c80,0x0,0x0,0x0,0x0,0x0,
0x0,0x4c80,0x0,0x0,0x0,0x0,0x0,
0x0,0x4c80,0x0,0x0,0x0,0x0,0x0,
0x0,0x4c80,0x0,0x0,0x0,0x0,0x0,
0x0,0x4c80,0x0,0x0,0x0,0x0,0x0,
0x0,0x4c80,0x0,0x0,0x0,0x0,0x0,
0x0,0x4c80,0x0,0x0,0x0,0x0,0x0,
0x0,0x4c80,0x0,0x0,0x0,0x0,0x0,
0x0,0x4c80,0x0,0x0,0x0,0x0,0x0,
0x0,0x4c80,0x0,0x0,0x0,0x0,0x0,
0x0,0x4c80,0x0,0x0,0x0,0x0,0x0,
0x0,0x4c80,0x0,0x0,0x0,0x0,0x0,
0x0,0x4c80,0x0,0x0,0x0,0x0,0x0,
0x0,0x4c80,0x0,0x0,0x0,0x0,0x0,
0x0,0x4c80,0x0,0x0,0x0,0x0,0x0,
0x0,0x4c80,0x0,0x0,0x0,0x0,0x0,
0x0,0x4c80,0x0,0x0,0x0,0x0,0x0,
0x0,0x4c80,0x0,0x0,0x0,0x0,0x0,
0x0,0x4c80,0x0,0x0,0x0,0x0,0x0,
0x0,0x4c80,0x0,0x0,0x0,0x0,0x0,
0x0,0x4c80,0x0,0x0,0x0,0x0,0x0,
0x0,0x4c80,0x0,0x0,0x0,0x0,0x0,
0x0,0x4c80,0x0,0x0,0x0,0x0,0x0,
0x0,0x4c80,0x0,0x0,0x0,0x0,0x0,
0x0,0x4c80,0x0,0x0,0x0,0x0,0x0,
0x0,0x4c80,0x0,0x0,0x0,0x0,0x0,
0x0,0x4c80,0x0,0x0,0x0,0x0,0x0,
0x0,0x4c80,0x0,0x0,0x0,0x0,0x0,
0x0,0x4c80,0x0,0x0,0x0,0x0,0x0,
0x0,0x4c80,0x0,0x0,0x0,0x0,0x0,
0x0,0x4c80,0x0,0x0,0x0,0x0,0x0,
0x0,0x4c80,0x0,0x0,0x0,0x0,0x0,
0x0,0x4c80,0x0,0x0,0x0,0x0,0x0,
0x0,0x4c80,0x0,0x0,0x0,0x0,0x0,
0x0,0x4c80,0x0,0x0,0x0,0x0,0x0,
0x0,0x4c80,0x0,0x0,0x0,0x0,0x0,
0x0,0x4c80,0x0,0x0,0x0,0x0,0x0,
0x0,0x4c80,0x0,0x0,0x0,0x0,0x0,
0x0,0x4c80,0x0,0x0,0x0,0x0,0x0,
0x0,0x4c80,0x0,0x0,0x0,0x0,0x0,
0x0,0x4c80,0x0,0x0,0x0,0x0,0x0,
0x0,0x4c80,0x0,0x0,0x0,0x0,0x0,
0x0,0x4c80,0x0,0x0,0x0,0x0,0x0,
