,LCU,LSU,MXCU,RC0,RC1,RC2,RC3,KMEM
0,0x0,0x4c80,0x0,0x0,0x0,0x0,0x0,
1,0xf8fc8,0x5d498,0x0,0x0,0x0,0x0,0x0,0x38032
2,0x98f00,0x4c80,0x0,0x0,0x0,0x0,0x0,
3,0x0,0x4029,0x80,0x0,0x0,0x0,0x0,
4,0x0,0x4c9a,0x0,0x0,0x0,0x0,0x0,
5,0x0,0x49b,0x0,0x0,0x0,0x0,0x0,
6,0x0,0x41bf,0xc0,0x0,0x0,0x0,0x0,
7,0x0,0x4c13f,0xc0,0x0,0x0,0x0,0x0,
8,0xd20a,0x41d3a,0x0,0x0,0x0,0x0,0x0,
9,0xd920b,0xd108a,0x0,0x0,0x0,0x0,0x0,
10,0x0,0xe108a,0x0,0x0,0x0,0x0,0x0,
11,0xd20d,0x941bf,0xc0,0x0,0x0,0x0,0x0,
12,0xd920e,0xd903b,0x0,0x0,0x0,0x0,0x0,
13,0x0,0xe903b,0x0,0x0,0x0,0x0,0x0,
14,0x0,0x941bf,0xc0,0x0,0x0,0x0,0x0,
15,0xd703,0x558,0x0,0x0,0x0,0x0,0x0,
16,0x99232,0x4c9d,0x100,0x0,0x0,0x0,0x0,
17,0xd8f40,0x455c,0x40,0x0,0x0,0x0,0x0,
18,0xd8f00,0x4499,0x140,0x0,0x0,0x0,0x0,
19,0x0,0x254a,0x0,0x0,0x0,0x0,0x0,
20,0x0,0x42b8,0x140,0x0,0x0,0x0,0x0,
21,0x0,0x2c7e,0x180,0x0,0x0,0x0,0x0,
22,0x0,0x343f,0xc0,0x0,0x0,0x0,0x0,
23,0x0,0x4049f,0x0,0x0,0x0,0x0,0x0,
24,0x1941a,0x4ba3f,0x4ce8000,0x0,0x0,0x0,0x0,
25,0x0,0x4c80,0x0,0x2922,0x0,0x0,0x0,
26,0x0,0x4c80,0x51802f,0x5a0,0x5a0,0x5a0,0x5a0,
27,0x0,0x4ba3f,0x4ce8000,0x0,0x0,0x0,0x0,
28,0x0,0x4c80,0x0,0x5a0,0x5a0,0x5a0,0x5a0,
29,0x0,0x4c80,0x51802f,0xa440,0xa440,0xa440,0xa440,
30,0x1c300,0x4ba38,0x0,0x0,0x0,0x0,0x0,
31,0x0,0x312e,0x0,0x0,0x0,0x0,0x0,
32,0x0,0x343f,0xc0,0x0,0x0,0x0,0x0,
33,0x0,0x4049f,0x4ce8000,0x0,0x0,0x0,0x0,
34,0x0,0x4c80,0x0,0x105a3,0x5a0,0x5a3,0x5a0,
35,0xdcf80,0x4c80,0x0,0x1a920,0x0,0x1a920,0x0,
36,0xb8fc0,0x4c80,0x5189ef,0x9420,0x9820,0x9420,0x9820,
37,0x5c380,0x4c80,0x44e89c0,0x5a0,0x5a0,0x5a0,0x5a0,
38,0x7c5c0,0x4c80,0x44e89ef,0x9820,0x9c20,0x9820,0x9c20,
39,0x0,0x48c9f,0x4ce8000,0x0,0x0,0x0,0x0,
40,0x0,0x4c80,0x0,0x105a0,0x5a0,0x5a0,0x5a0,
41,0x0,0x4c80,0x0,0xa423,0x26920,0xa423,0x26920,
42,0x0,0xd39,0x4cea000,0x1a920,0x0,0x1a920,0x0,
43,0x122f,0x4c80,0x519800,0x2922,0x9823,0x0,0x9823,
44,0x0,0x4c80,0x519000,0x5a0,0x5a0,0x5a0,0x5a0,
45,0x0,0x4c80,0x14e81c0,0x26920,0x26920,0x26920,0x26920,
46,0x0,0x4c80,0x0,0x9823,0x9c23,0x9823,0x9c23,
47,0x0,0x4c80,0x152a000,0x155a3,0x155a3,0x155a3,0x155a3,
48,0x0,0x4c80,0xce802f,0x16421,0x16421,0x16421,0x16421,
49,0x5814,0x92d3d,0x0,0x0,0x0,0x0,0x0,
50,0x1c00,0x4c80,0x0,0x0,0x0,0x0,0x0,
51,0x0,0x4c80,0x0,0x0,0x0,0x0,0x0,
52,0x0,0x5d498,0x0,0x0,0x0,0x0,0x0,
53,0x0,0x4c80,0x0,0x0,0x0,0x0,0x0,
54,0x0,0x4029,0x80,0x0,0x0,0x0,0x0,
55,0x9c500,0x4c9a,0x40,0x0,0x0,0x0,0x0,
56,0x0,0x49b,0x0,0x0,0x0,0x0,0x0,
57,0x0,0x41bf,0xc0,0x0,0x0,0x0,0x0,
58,0x0,0x4c13f,0xc0,0x0,0x0,0x0,0x0,
59,0x0,0x41d3a,0x0,0x0,0x0,0x0,0x0,
60,0x0,0xd108a,0x0,0x0,0x0,0x0,0x0,
61,0x0,0xe108a,0x0,0x0,0x0,0x0,0x0,
62,0x0,0x941bf,0xc0,0x0,0x0,0x0,0x0,
63,0x0,0xd903b,0x0,0x0,0x0,0x0,0x0,
64,0x0,0xe903b,0x0,0x0,0x0,0x0,0x0,
65,0x19707,0x941bf,0xc0,0x0,0x0,0x0,0x0,
66,0x0,0x558,0x0,0x0,0x0,0x0,0x0,
67,0x0,0x4c9d,0x0,0x0,0x0,0x0,0x0,
68,0x0,0x455c,0x40,0x0,0x0,0x0,0x0,
69,0x0,0x4239,0x140,0x0,0x0,0x0,0x0,
70,0x0,0x254a,0x0,0x0,0x0,0x0,0x0,
71,0x0,0x42b8,0x140,0x0,0x0,0x0,0x0,
72,0xb8fc0,0x2c7e,0x180,0x0,0x0,0x0,0x0,
73,0x0,0x343f,0xc0,0x0,0x0,0x0,0x0,
74,0x0,0x4049f,0x0,0x0,0x0,0x0,0x0,
75,0x0,0x4ba3f,0x4ce8000,0x0,0x0,0x0,0x0,
76,0x0,0x4c80,0x0,0x2922,0x0,0x0,0x0,
77,0x797da,0x4c80,0x51802f,0x5a0,0x5a0,0x5a0,0x5a0,
78,0xb8fc0,0x4ba3f,0x4ce8000,0x0,0x0,0x0,0x0,
79,0x0,0x4c80,0x0,0x5a0,0x5a0,0x5a0,0x5a0,
80,0x797dc,0x4c80,0x51802f,0xa020,0xa420,0xa020,0xa420,
81,0x0,0x4ba38,0x0,0x0,0x0,0x0,0x0,
82,0x0,0x312e,0x0,0x0,0x0,0x0,0x0,
83,0x0,0x343f,0xc0,0x0,0x0,0x0,0x0,
84,0x0,0x4049f,0x4ce8000,0x0,0x0,0x0,0x0,
85,0x0,0x4c80,0x0,0x105a3,0x5a0,0x5a3,0x5a0,
86,0x5cf80,0x4c80,0x0,0x1a920,0x0,0x1a920,0x0,
87,0xb8fc0,0x4c80,0x5189ef,0x9440,0x9840,0x9440,0x9840,
88,0x5c380,0x4c80,0x44e89c0,0x5a0,0x5a0,0x5a0,0x5a0,
89,0x7d7e5,0x4c80,0x44e89ef,0x9840,0x9c40,0x9840,0x9c40,
90,0x0,0x48c9f,0x4ce8000,0x0,0x0,0x0,0x0,
91,0x0,0x4c80,0x0,0x105a0,0x5a0,0x5a0,0x5a0,
92,0x0,0x4c80,0x0,0xa023,0x22920,0xa023,0x22920,
93,0xb8fc0,0xd39,0x4cea000,0x1a920,0x0,0x1a920,0x0,
94,0x0,0x4c80,0x519800,0x2922,0x9823,0x0,0x9823,
95,0x0,0x4c80,0x519000,0x5a0,0x5a0,0x5a0,0x5a0,
96,0x0,0x4c80,0x14e8000,0x22920,0x22920,0x22920,0x22920,
97,0x0,0x4c80,0x0,0x9823,0x9c23,0x9823,0x9c23,
98,0x0,0x4c80,0x152a000,0x155a0,0x155a0,0x155a0,0x155a0,
99,0x797ec,0x4c80,0xce8000,0x0,0x0,0x0,0x0,
100,0x0,0x2d3d,0x0,0x0,0x0,0x0,0x0,
101,0x0,0x4c80,0x0,0x0,0x0,0x0,0x0,
102,0x0,0x4c80,0x0,0x0,0x0,0x0,0x0,
103,0x0,0x4c80,0x0,0x0,0x0,0x0,0x0,
104,0x0,0x4c80,0x0,0x0,0x0,0x0,0x0,
105,0x0,0x4c80,0x0,0x0,0x0,0x0,0x0,
106,0x0,0x4c80,0x0,0x0,0x0,0x0,0x0,
107,0x0,0x4c80,0x0,0x0,0x0,0x0,0x0,
108,0x0,0x4c80,0x0,0x0,0x0,0x0,0x0,
109,0x0,0x4c80,0x0,0x0,0x0,0x0,0x0,
110,0x0,0x4c80,0x0,0x0,0x0,0x0,0x0,
111,0x0,0x4c80,0x0,0x0,0x0,0x0,0x0,
112,0x0,0x4c80,0x0,0x0,0x0,0x0,0x0,
113,0x0,0x4c80,0x0,0x0,0x0,0x0,0x0,
114,0x0,0x4c80,0x0,0x0,0x0,0x0,0x0,
115,0x0,0x4c80,0x0,0x0,0x0,0x0,0x0,
116,0x0,0x4c80,0x0,0x0,0x0,0x0,0x0,
117,0x0,0x4c80,0x0,0x0,0x0,0x0,0x0,
118,0x0,0x4c80,0x0,0x0,0x0,0x0,0x0,
119,0x0,0x4c80,0x0,0x0,0x0,0x0,0x0,
120,0x0,0x4c80,0x0,0x0,0x0,0x0,0x0,
121,0x0,0x4c80,0x0,0x0,0x0,0x0,0x0,
122,0x0,0x4c80,0x0,0x0,0x0,0x0,0x0,
123,0x0,0x4c80,0x0,0x0,0x0,0x0,0x0,
124,0x0,0x4c80,0x0,0x0,0x0,0x0,0x0,
125,0x0,0x4c80,0x0,0x0,0x0,0x0,0x0,
126,0x0,0x4c80,0x0,0x0,0x0,0x0,0x0,
127,0x0,0x4c80,0x0,0x0,0x0,0x0,0x0,
128,0x0,0x4c80,0x0,0x0,0x0,0x0,0x0,
129,0x0,0x4c80,0x0,0x0,0x0,0x0,0x0,
130,0x0,0x4c80,0x0,0x0,0x0,0x0,0x0,
131,0x0,0x4c80,0x0,0x0,0x0,0x0,0x0,
132,0x0,0x4c80,0x0,0x0,0x0,0x0,0x0,
133,0x0,0x4c80,0x0,0x0,0x0,0x0,0x0,
134,0x0,0x4c80,0x0,0x0,0x0,0x0,0x0,
135,0x0,0x4c80,0x0,0x0,0x0,0x0,0x0,
136,0x0,0x4c80,0x0,0x0,0x0,0x0,0x0,
137,0x0,0x4c80,0x0,0x0,0x0,0x0,0x0,
138,0x0,0x4c80,0x0,0x0,0x0,0x0,0x0,
139,0x0,0x4c80,0x0,0x0,0x0,0x0,0x0,
140,0x0,0x4c80,0x0,0x0,0x0,0x0,0x0,
141,0x0,0x4c80,0x0,0x0,0x0,0x0,0x0,
142,0x0,0x4c80,0x0,0x0,0x0,0x0,0x0,
143,0x0,0x4c80,0x0,0x0,0x0,0x0,0x0,
144,0x0,0x4c80,0x0,0x0,0x0,0x0,0x0,
145,0x0,0x4c80,0x0,0x0,0x0,0x0,0x0,
146,0x0,0x4c80,0x0,0x0,0x0,0x0,0x0,
147,0x0,0x4c80,0x0,0x0,0x0,0x0,0x0,
148,0x0,0x4c80,0x0,0x0,0x0,0x0,0x0,
149,0x0,0x4c80,0x0,0x0,0x0,0x0,0x0,
150,0x0,0x4c80,0x0,0x0,0x0,0x0,0x0,
151,0x0,0x4c80,0x0,0x0,0x0,0x0,0x0,
152,0x0,0x4c80,0x0,0x0,0x0,0x0,0x0,
153,0x0,0x4c80,0x0,0x0,0x0,0x0,0x0,
154,0x0,0x4c80,0x0,0x0,0x0,0x0,0x0,
155,0x0,0x4c80,0x0,0x0,0x0,0x0,0x0,
156,0x0,0x4c80,0x0,0x0,0x0,0x0,0x0,
157,0x0,0x4c80,0x0,0x0,0x0,0x0,0x0,
158,0x0,0x4c80,0x0,0x0,0x0,0x0,0x0,
159,0x0,0x4c80,0x0,0x0,0x0,0x0,0x0,
160,0x0,0x4c80,0x0,0x0,0x0,0x0,0x0,
161,0x0,0x4c80,0x0,0x0,0x0,0x0,0x0,
162,0x0,0x4c80,0x0,0x0,0x0,0x0,0x0,
163,0x0,0x4c80,0x0,0x0,0x0,0x0,0x0,
164,0x0,0x4c80,0x0,0x0,0x0,0x0,0x0,
165,0x0,0x4c80,0x0,0x0,0x0,0x0,0x0,
166,0x0,0x4c80,0x0,0x0,0x0,0x0,0x0,
167,0x0,0x4c80,0x0,0x0,0x0,0x0,0x0,
168,0x0,0x4c80,0x0,0x0,0x0,0x0,0x0,
169,0x0,0x4c80,0x0,0x0,0x0,0x0,0x0,
170,0x0,0x4c80,0x0,0x0,0x0,0x0,0x0,
171,0x0,0x4c80,0x0,0x0,0x0,0x0,0x0,
172,0x0,0x4c80,0x0,0x0,0x0,0x0,0x0,
173,0x0,0x4c80,0x0,0x0,0x0,0x0,0x0,
174,0x0,0x4c80,0x0,0x0,0x0,0x0,0x0,
175,0x0,0x4c80,0x0,0x0,0x0,0x0,0x0,
176,0x0,0x4c80,0x0,0x0,0x0,0x0,0x0,
177,0x0,0x4c80,0x0,0x0,0x0,0x0,0x0,
178,0x0,0x4c80,0x0,0x0,0x0,0x0,0x0,
179,0x0,0x4c80,0x0,0x0,0x0,0x0,0x0,
180,0x0,0x4c80,0x0,0x0,0x0,0x0,0x0,
181,0x0,0x4c80,0x0,0x0,0x0,0x0,0x0,
182,0x0,0x4c80,0x0,0x0,0x0,0x0,0x0,
183,0x0,0x4c80,0x0,0x0,0x0,0x0,0x0,
184,0x0,0x4c80,0x0,0x0,0x0,0x0,0x0,
185,0x0,0x4c80,0x0,0x0,0x0,0x0,0x0,
186,0x0,0x4c80,0x0,0x0,0x0,0x0,0x0,
187,0x0,0x4c80,0x0,0x0,0x0,0x0,0x0,
188,0x0,0x4c80,0x0,0x0,0x0,0x0,0x0,
189,0x0,0x4c80,0x0,0x0,0x0,0x0,0x0,
190,0x0,0x4c80,0x0,0x0,0x0,0x0,0x0,
191,0x0,0x4c80,0x0,0x0,0x0,0x0,0x0,
192,0x0,0x4c80,0x0,0x0,0x0,0x0,0x0,
193,0x0,0x4c80,0x0,0x0,0x0,0x0,0x0,
194,0x0,0x4c80,0x0,0x0,0x0,0x0,0x0,
195,0x0,0x4c80,0x0,0x0,0x0,0x0,0x0,
196,0x0,0x4c80,0x0,0x0,0x0,0x0,0x0,
197,0x0,0x4c80,0x0,0x0,0x0,0x0,0x0,
198,0x0,0x4c80,0x0,0x0,0x0,0x0,0x0,
199,0x0,0x4c80,0x0,0x0,0x0,0x0,0x0,
200,0x0,0x4c80,0x0,0x0,0x0,0x0,0x0,
201,0x0,0x4c80,0x0,0x0,0x0,0x0,0x0,
202,0x0,0x4c80,0x0,0x0,0x0,0x0,0x0,
203,0x0,0x4c80,0x0,0x0,0x0,0x0,0x0,
204,0x0,0x4c80,0x0,0x0,0x0,0x0,0x0,
205,0x0,0x4c80,0x0,0x0,0x0,0x0,0x0,
206,0x0,0x4c80,0x0,0x0,0x0,0x0,0x0,
207,0x0,0x4c80,0x0,0x0,0x0,0x0,0x0,
208,0x0,0x4c80,0x0,0x0,0x0,0x0,0x0,
209,0x0,0x4c80,0x0,0x0,0x0,0x0,0x0,
210,0x0,0x4c80,0x0,0x0,0x0,0x0,0x0,
211,0x0,0x4c80,0x0,0x0,0x0,0x0,0x0,
212,0x0,0x4c80,0x0,0x0,0x0,0x0,0x0,
213,0x0,0x4c80,0x0,0x0,0x0,0x0,0x0,
214,0x0,0x4c80,0x0,0x0,0x0,0x0,0x0,
215,0x0,0x4c80,0x0,0x0,0x0,0x0,0x0,
216,0x0,0x4c80,0x0,0x0,0x0,0x0,0x0,
217,0x0,0x4c80,0x0,0x0,0x0,0x0,0x0,
218,0x0,0x4c80,0x0,0x0,0x0,0x0,0x0,
219,0x0,0x4c80,0x0,0x0,0x0,0x0,0x0,
220,0x0,0x4c80,0x0,0x0,0x0,0x0,0x0,
221,0x0,0x4c80,0x0,0x0,0x0,0x0,0x0,
222,0x0,0x4c80,0x0,0x0,0x0,0x0,0x0,
223,0x0,0x4c80,0x0,0x0,0x0,0x0,0x0,
224,0x0,0x4c80,0x0,0x0,0x0,0x0,0x0,
225,0x0,0x4c80,0x0,0x0,0x0,0x0,0x0,
226,0x0,0x4c80,0x0,0x0,0x0,0x0,0x0,
227,0x0,0x4c80,0x0,0x0,0x0,0x0,0x0,
228,0x0,0x4c80,0x0,0x0,0x0,0x0,0x0,
229,0x0,0x4c80,0x0,0x0,0x0,0x0,0x0,
230,0x0,0x4c80,0x0,0x0,0x0,0x0,0x0,
231,0x0,0x4c80,0x0,0x0,0x0,0x0,0x0,
232,0x0,0x4c80,0x0,0x0,0x0,0x0,0x0,
233,0x0,0x4c80,0x0,0x0,0x0,0x0,0x0,
234,0x0,0x4c80,0x0,0x0,0x0,0x0,0x0,
235,0x0,0x4c80,0x0,0x0,0x0,0x0,0x0,
236,0x0,0x4c80,0x0,0x0,0x0,0x0,0x0,
237,0x0,0x4c80,0x0,0x0,0x0,0x0,0x0,
238,0x0,0x4c80,0x0,0x0,0x0,0x0,0x0,
239,0x0,0x4c80,0x0,0x0,0x0,0x0,0x0,
240,0x0,0x4c80,0x0,0x0,0x0,0x0,0x0,
241,0x0,0x4c80,0x0,0x0,0x0,0x0,0x0,
242,0x0,0x4c80,0x0,0x0,0x0,0x0,0x0,
243,0x0,0x4c80,0x0,0x0,0x0,0x0,0x0,
244,0x0,0x4c80,0x0,0x0,0x0,0x0,0x0,
245,0x0,0x4c80,0x0,0x0,0x0,0x0,0x0,
246,0x0,0x4c80,0x0,0x0,0x0,0x0,0x0,
247,0x0,0x4c80,0x0,0x0,0x0,0x0,0x0,
248,0x0,0x4c80,0x0,0x0,0x0,0x0,0x0,
249,0x0,0x4c80,0x0,0x0,0x0,0x0,0x0,
250,0x0,0x4c80,0x0,0x0,0x0,0x0,0x0,
251,0x0,0x4c80,0x0,0x0,0x0,0x0,0x0,
252,0x0,0x4c80,0x0,0x0,0x0,0x0,0x0,
253,0x0,0x4c80,0x0,0x0,0x0,0x0,0x0,
254,0x0,0x4c80,0x0,0x0,0x0,0x0,0x0,
255,0x0,0x4c80,0x0,0x0,0x0,0x0,0x0,
256,0x0,0x4c80,0x0,0x0,0x0,0x0,0x0,
257,0x0,0x4c80,0x0,0x0,0x0,0x0,0x0,
258,0x0,0x4c80,0x0,0x0,0x0,0x0,0x0,
259,0x0,0x4c80,0x0,0x0,0x0,0x0,0x0,
260,0x0,0x4c80,0x0,0x0,0x0,0x0,0x0,
261,0x0,0x4c80,0x0,0x0,0x0,0x0,0x0,
262,0x0,0x4c80,0x0,0x0,0x0,0x0,0x0,
263,0x0,0x4c80,0x0,0x0,0x0,0x0,0x0,
264,0x0,0x4c80,0x0,0x0,0x0,0x0,0x0,
265,0x0,0x4c80,0x0,0x0,0x0,0x0,0x0,
266,0x0,0x4c80,0x0,0x0,0x0,0x0,0x0,
267,0x0,0x4c80,0x0,0x0,0x0,0x0,0x0,
268,0x0,0x4c80,0x0,0x0,0x0,0x0,0x0,
269,0x0,0x4c80,0x0,0x0,0x0,0x0,0x0,
270,0x0,0x4c80,0x0,0x0,0x0,0x0,0x0,
271,0x0,0x4c80,0x0,0x0,0x0,0x0,0x0,
272,0x0,0x4c80,0x0,0x0,0x0,0x0,0x0,
273,0x0,0x4c80,0x0,0x0,0x0,0x0,0x0,
274,0x0,0x4c80,0x0,0x0,0x0,0x0,0x0,
275,0x0,0x4c80,0x0,0x0,0x0,0x0,0x0,
276,0x0,0x4c80,0x0,0x0,0x0,0x0,0x0,
277,0x0,0x4c80,0x0,0x0,0x0,0x0,0x0,
278,0x0,0x4c80,0x0,0x0,0x0,0x0,0x0,
279,0x0,0x4c80,0x0,0x0,0x0,0x0,0x0,
280,0x0,0x4c80,0x0,0x0,0x0,0x0,0x0,
281,0x0,0x4c80,0x0,0x0,0x0,0x0,0x0,
282,0x0,0x4c80,0x0,0x0,0x0,0x0,0x0,
283,0x0,0x4c80,0x0,0x0,0x0,0x0,0x0,
284,0x0,0x4c80,0x0,0x0,0x0,0x0,0x0,
285,0x0,0x4c80,0x0,0x0,0x0,0x0,0x0,
286,0x0,0x4c80,0x0,0x0,0x0,0x0,0x0,
287,0x0,0x4c80,0x0,0x0,0x0,0x0,0x0,
288,0x0,0x4c80,0x0,0x0,0x0,0x0,0x0,
289,0x0,0x4c80,0x0,0x0,0x0,0x0,0x0,
290,0x0,0x4c80,0x0,0x0,0x0,0x0,0x0,
291,0x0,0x4c80,0x0,0x0,0x0,0x0,0x0,
292,0x0,0x4c80,0x0,0x0,0x0,0x0,0x0,
293,0x0,0x4c80,0x0,0x0,0x0,0x0,0x0,
294,0x0,0x4c80,0x0,0x0,0x0,0x0,0x0,
295,0x0,0x4c80,0x0,0x0,0x0,0x0,0x0,
296,0x0,0x4c80,0x0,0x0,0x0,0x0,0x0,
297,0x0,0x4c80,0x0,0x0,0x0,0x0,0x0,
298,0x0,0x4c80,0x0,0x0,0x0,0x0,0x0,
299,0x0,0x4c80,0x0,0x0,0x0,0x0,0x0,
300,0x0,0x4c80,0x0,0x0,0x0,0x0,0x0,
301,0x0,0x4c80,0x0,0x0,0x0,0x0,0x0,
302,0x0,0x4c80,0x0,0x0,0x0,0x0,0x0,
303,0x0,0x4c80,0x0,0x0,0x0,0x0,0x0,
304,0x0,0x4c80,0x0,0x0,0x0,0x0,0x0,
305,0x0,0x4c80,0x0,0x0,0x0,0x0,0x0,
306,0x0,0x4c80,0x0,0x0,0x0,0x0,0x0,
307,0x0,0x4c80,0x0,0x0,0x0,0x0,0x0,
308,0x0,0x4c80,0x0,0x0,0x0,0x0,0x0,
309,0x0,0x4c80,0x0,0x0,0x0,0x0,0x0,
310,0x0,0x4c80,0x0,0x0,0x0,0x0,0x0,
311,0x0,0x4c80,0x0,0x0,0x0,0x0,0x0,
312,0x0,0x4c80,0x0,0x0,0x0,0x0,0x0,
313,0x0,0x4c80,0x0,0x0,0x0,0x0,0x0,
314,0x0,0x4c80,0x0,0x0,0x0,0x0,0x0,
315,0x0,0x4c80,0x0,0x0,0x0,0x0,0x0,
316,0x0,0x4c80,0x0,0x0,0x0,0x0,0x0,
317,0x0,0x4c80,0x0,0x0,0x0,0x0,0x0,
318,0x0,0x4c80,0x0,0x0,0x0,0x0,0x0,
319,0x0,0x4c80,0x0,0x0,0x0,0x0,0x0,
320,0x0,0x4c80,0x0,0x0,0x0,0x0,0x0,
321,0x0,0x4c80,0x0,0x0,0x0,0x0,0x0,
322,0x0,0x4c80,0x0,0x0,0x0,0x0,0x0,
323,0x0,0x4c80,0x0,0x0,0x0,0x0,0x0,
324,0x0,0x4c80,0x0,0x0,0x0,0x0,0x0,
325,0x0,0x4c80,0x0,0x0,0x0,0x0,0x0,
326,0x0,0x4c80,0x0,0x0,0x0,0x0,0x0,
327,0x0,0x4c80,0x0,0x0,0x0,0x0,0x0,
328,0x0,0x4c80,0x0,0x0,0x0,0x0,0x0,
329,0x0,0x4c80,0x0,0x0,0x0,0x0,0x0,
330,0x0,0x4c80,0x0,0x0,0x0,0x0,0x0,
331,0x0,0x4c80,0x0,0x0,0x0,0x0,0x0,
332,0x0,0x4c80,0x0,0x0,0x0,0x0,0x0,
333,0x0,0x4c80,0x0,0x0,0x0,0x0,0x0,
334,0x0,0x4c80,0x0,0x0,0x0,0x0,0x0,
335,0x0,0x4c80,0x0,0x0,0x0,0x0,0x0,
336,0x0,0x4c80,0x0,0x0,0x0,0x0,0x0,
337,0x0,0x4c80,0x0,0x0,0x0,0x0,0x0,
338,0x0,0x4c80,0x0,0x0,0x0,0x0,0x0,
339,0x0,0x4c80,0x0,0x0,0x0,0x0,0x0,
340,0x0,0x4c80,0x0,0x0,0x0,0x0,0x0,
341,0x0,0x4c80,0x0,0x0,0x0,0x0,0x0,
342,0x0,0x4c80,0x0,0x0,0x0,0x0,0x0,
343,0x0,0x4c80,0x0,0x0,0x0,0x0,0x0,
344,0x0,0x4c80,0x0,0x0,0x0,0x0,0x0,
345,0x0,0x4c80,0x0,0x0,0x0,0x0,0x0,
346,0x0,0x4c80,0x0,0x0,0x0,0x0,0x0,
347,0x0,0x4c80,0x0,0x0,0x0,0x0,0x0,
348,0x0,0x4c80,0x0,0x0,0x0,0x0,0x0,
349,0x0,0x4c80,0x0,0x0,0x0,0x0,0x0,
350,0x0,0x4c80,0x0,0x0,0x0,0x0,0x0,
351,0x0,0x4c80,0x0,0x0,0x0,0x0,0x0,
352,0x0,0x4c80,0x0,0x0,0x0,0x0,0x0,
353,0x0,0x4c80,0x0,0x0,0x0,0x0,0x0,
354,0x0,0x4c80,0x0,0x0,0x0,0x0,0x0,
355,0x0,0x4c80,0x0,0x0,0x0,0x0,0x0,
356,0x0,0x4c80,0x0,0x0,0x0,0x0,0x0,
357,0x0,0x4c80,0x0,0x0,0x0,0x0,0x0,
358,0x0,0x4c80,0x0,0x0,0x0,0x0,0x0,
359,0x0,0x4c80,0x0,0x0,0x0,0x0,0x0,
360,0x0,0x4c80,0x0,0x0,0x0,0x0,0x0,
361,0x0,0x4c80,0x0,0x0,0x0,0x0,0x0,
362,0x0,0x4c80,0x0,0x0,0x0,0x0,0x0,
363,0x0,0x4c80,0x0,0x0,0x0,0x0,0x0,
364,0x0,0x4c80,0x0,0x0,0x0,0x0,0x0,
365,0x0,0x4c80,0x0,0x0,0x0,0x0,0x0,
366,0x0,0x4c80,0x0,0x0,0x0,0x0,0x0,
367,0x0,0x4c80,0x0,0x0,0x0,0x0,0x0,
368,0x0,0x4c80,0x0,0x0,0x0,0x0,0x0,
369,0x0,0x4c80,0x0,0x0,0x0,0x0,0x0,
370,0x0,0x4c80,0x0,0x0,0x0,0x0,0x0,
371,0x0,0x4c80,0x0,0x0,0x0,0x0,0x0,
372,0x0,0x4c80,0x0,0x0,0x0,0x0,0x0,
373,0x0,0x4c80,0x0,0x0,0x0,0x0,0x0,
374,0x0,0x4c80,0x0,0x0,0x0,0x0,0x0,
375,0x0,0x4c80,0x0,0x0,0x0,0x0,0x0,
376,0x0,0x4c80,0x0,0x0,0x0,0x0,0x0,
377,0x0,0x4c80,0x0,0x0,0x0,0x0,0x0,
378,0x0,0x4c80,0x0,0x0,0x0,0x0,0x0,
379,0x0,0x4c80,0x0,0x0,0x0,0x0,0x0,
380,0x0,0x4c80,0x0,0x0,0x0,0x0,0x0,
381,0x0,0x4c80,0x0,0x0,0x0,0x0,0x0,
382,0x0,0x4c80,0x0,0x0,0x0,0x0,0x0,
383,0x0,0x4c80,0x0,0x0,0x0,0x0,0x0,
384,0x0,0x4c80,0x0,0x0,0x0,0x0,0x0,
385,0x0,0x4c80,0x0,0x0,0x0,0x0,0x0,
386,0x0,0x4c80,0x0,0x0,0x0,0x0,0x0,
387,0x0,0x4c80,0x0,0x0,0x0,0x0,0x0,
388,0x0,0x4c80,0x0,0x0,0x0,0x0,0x0,
389,0x0,0x4c80,0x0,0x0,0x0,0x0,0x0,
390,0x0,0x4c80,0x0,0x0,0x0,0x0,0x0,
391,0x0,0x4c80,0x0,0x0,0x0,0x0,0x0,
392,0x0,0x4c80,0x0,0x0,0x0,0x0,0x0,
393,0x0,0x4c80,0x0,0x0,0x0,0x0,0x0,
394,0x0,0x4c80,0x0,0x0,0x0,0x0,0x0,
395,0x0,0x4c80,0x0,0x0,0x0,0x0,0x0,
396,0x0,0x4c80,0x0,0x0,0x0,0x0,0x0,
397,0x0,0x4c80,0x0,0x0,0x0,0x0,0x0,
398,0x0,0x4c80,0x0,0x0,0x0,0x0,0x0,
399,0x0,0x4c80,0x0,0x0,0x0,0x0,0x0,
400,0x0,0x4c80,0x0,0x0,0x0,0x0,0x0,
401,0x0,0x4c80,0x0,0x0,0x0,0x0,0x0,
402,0x0,0x4c80,0x0,0x0,0x0,0x0,0x0,
403,0x0,0x4c80,0x0,0x0,0x0,0x0,0x0,
404,0x0,0x4c80,0x0,0x0,0x0,0x0,0x0,
405,0x0,0x4c80,0x0,0x0,0x0,0x0,0x0,
406,0x0,0x4c80,0x0,0x0,0x0,0x0,0x0,
407,0x0,0x4c80,0x0,0x0,0x0,0x0,0x0,
408,0x0,0x4c80,0x0,0x0,0x0,0x0,0x0,
409,0x0,0x4c80,0x0,0x0,0x0,0x0,0x0,
410,0x0,0x4c80,0x0,0x0,0x0,0x0,0x0,
411,0x0,0x4c80,0x0,0x0,0x0,0x0,0x0,
412,0x0,0x4c80,0x0,0x0,0x0,0x0,0x0,
413,0x0,0x4c80,0x0,0x0,0x0,0x0,0x0,
414,0x0,0x4c80,0x0,0x0,0x0,0x0,0x0,
415,0x0,0x4c80,0x0,0x0,0x0,0x0,0x0,
416,0x0,0x4c80,0x0,0x0,0x0,0x0,0x0,
417,0x0,0x4c80,0x0,0x0,0x0,0x0,0x0,
418,0x0,0x4c80,0x0,0x0,0x0,0x0,0x0,
419,0x0,0x4c80,0x0,0x0,0x0,0x0,0x0,
420,0x0,0x4c80,0x0,0x0,0x0,0x0,0x0,
421,0x0,0x4c80,0x0,0x0,0x0,0x0,0x0,
422,0x0,0x4c80,0x0,0x0,0x0,0x0,0x0,
423,0x0,0x4c80,0x0,0x0,0x0,0x0,0x0,
424,0x0,0x4c80,0x0,0x0,0x0,0x0,0x0,
425,0x0,0x4c80,0x0,0x0,0x0,0x0,0x0,
426,0x0,0x4c80,0x0,0x0,0x0,0x0,0x0,
427,0x0,0x4c80,0x0,0x0,0x0,0x0,0x0,
428,0x0,0x4c80,0x0,0x0,0x0,0x0,0x0,
429,0x0,0x4c80,0x0,0x0,0x0,0x0,0x0,
430,0x0,0x4c80,0x0,0x0,0x0,0x0,0x0,
431,0x0,0x4c80,0x0,0x0,0x0,0x0,0x0,
432,0x0,0x4c80,0x0,0x0,0x0,0x0,0x0,
433,0x0,0x4c80,0x0,0x0,0x0,0x0,0x0,
434,0x0,0x4c80,0x0,0x0,0x0,0x0,0x0,
435,0x0,0x4c80,0x0,0x0,0x0,0x0,0x0,
436,0x0,0x4c80,0x0,0x0,0x0,0x0,0x0,
437,0x0,0x4c80,0x0,0x0,0x0,0x0,0x0,
438,0x0,0x4c80,0x0,0x0,0x0,0x0,0x0,
439,0x0,0x4c80,0x0,0x0,0x0,0x0,0x0,
440,0x0,0x4c80,0x0,0x0,0x0,0x0,0x0,
441,0x0,0x4c80,0x0,0x0,0x0,0x0,0x0,
442,0x0,0x4c80,0x0,0x0,0x0,0x0,0x0,
443,0x0,0x4c80,0x0,0x0,0x0,0x0,0x0,
444,0x0,0x4c80,0x0,0x0,0x0,0x0,0x0,
445,0x0,0x4c80,0x0,0x0,0x0,0x0,0x0,
446,0x0,0x4c80,0x0,0x0,0x0,0x0,0x0,
447,0x0,0x4c80,0x0,0x0,0x0,0x0,0x0,
448,0x0,0x4c80,0x0,0x0,0x0,0x0,0x0,
449,0x0,0x4c80,0x0,0x0,0x0,0x0,0x0,
450,0x0,0x4c80,0x0,0x0,0x0,0x0,0x0,
451,0x0,0x4c80,0x0,0x0,0x0,0x0,0x0,
452,0x0,0x4c80,0x0,0x0,0x0,0x0,0x0,
453,0x0,0x4c80,0x0,0x0,0x0,0x0,0x0,
454,0x0,0x4c80,0x0,0x0,0x0,0x0,0x0,
455,0x0,0x4c80,0x0,0x0,0x0,0x0,0x0,
456,0x0,0x4c80,0x0,0x0,0x0,0x0,0x0,
457,0x0,0x4c80,0x0,0x0,0x0,0x0,0x0,
458,0x0,0x4c80,0x0,0x0,0x0,0x0,0x0,
459,0x0,0x4c80,0x0,0x0,0x0,0x0,0x0,
460,0x0,0x4c80,0x0,0x0,0x0,0x0,0x0,
461,0x0,0x4c80,0x0,0x0,0x0,0x0,0x0,
462,0x0,0x4c80,0x0,0x0,0x0,0x0,0x0,
463,0x0,0x4c80,0x0,0x0,0x0,0x0,0x0,
464,0x0,0x4c80,0x0,0x0,0x0,0x0,0x0,
465,0x0,0x4c80,0x0,0x0,0x0,0x0,0x0,
466,0x0,0x4c80,0x0,0x0,0x0,0x0,0x0,
467,0x0,0x4c80,0x0,0x0,0x0,0x0,0x0,
468,0x0,0x4c80,0x0,0x0,0x0,0x0,0x0,
469,0x0,0x4c80,0x0,0x0,0x0,0x0,0x0,
470,0x0,0x4c80,0x0,0x0,0x0,0x0,0x0,
471,0x0,0x4c80,0x0,0x0,0x0,0x0,0x0,
472,0x0,0x4c80,0x0,0x0,0x0,0x0,0x0,
473,0x0,0x4c80,0x0,0x0,0x0,0x0,0x0,
474,0x0,0x4c80,0x0,0x0,0x0,0x0,0x0,
475,0x0,0x4c80,0x0,0x0,0x0,0x0,0x0,
476,0x0,0x4c80,0x0,0x0,0x0,0x0,0x0,
477,0x0,0x4c80,0x0,0x0,0x0,0x0,0x0,
478,0x0,0x4c80,0x0,0x0,0x0,0x0,0x0,
479,0x0,0x4c80,0x0,0x0,0x0,0x0,0x0,
480,0x0,0x4c80,0x0,0x0,0x0,0x0,0x0,
481,0x0,0x4c80,0x0,0x0,0x0,0x0,0x0,
482,0x0,0x4c80,0x0,0x0,0x0,0x0,0x0,
483,0x0,0x4c80,0x0,0x0,0x0,0x0,0x0,
484,0x0,0x4c80,0x0,0x0,0x0,0x0,0x0,
485,0x0,0x4c80,0x0,0x0,0x0,0x0,0x0,
486,0x0,0x4c80,0x0,0x0,0x0,0x0,0x0,
487,0x0,0x4c80,0x0,0x0,0x0,0x0,0x0,
488,0x0,0x4c80,0x0,0x0,0x0,0x0,0x0,
489,0x0,0x4c80,0x0,0x0,0x0,0x0,0x0,
490,0x0,0x4c80,0x0,0x0,0x0,0x0,0x0,
491,0x0,0x4c80,0x0,0x0,0x0,0x0,0x0,
492,0x0,0x4c80,0x0,0x0,0x0,0x0,0x0,
493,0x0,0x4c80,0x0,0x0,0x0,0x0,0x0,
494,0x0,0x4c80,0x0,0x0,0x0,0x0,0x0,
495,0x0,0x4c80,0x0,0x0,0x0,0x0,0x0,
496,0x0,0x4c80,0x0,0x0,0x0,0x0,0x0,
497,0x0,0x4c80,0x0,0x0,0x0,0x0,0x0,
498,0x0,0x4c80,0x0,0x0,0x0,0x0,0x0,
499,0x0,0x4c80,0x0,0x0,0x0,0x0,0x0,
500,0x0,0x4c80,0x0,0x0,0x0,0x0,0x0,
501,0x0,0x4c80,0x0,0x0,0x0,0x0,0x0,
502,0x0,0x4c80,0x0,0x0,0x0,0x0,0x0,
503,0x0,0x4c80,0x0,0x0,0x0,0x0,0x0,
504,0x0,0x4c80,0x0,0x0,0x0,0x0,0x0,
505,0x0,0x4c80,0x0,0x0,0x0,0x0,0x0,
506,0x0,0x4c80,0x0,0x0,0x0,0x0,0x0,
507,0x0,0x4c80,0x0,0x0,0x0,0x0,0x0,
508,0x0,0x4c80,0x0,0x0,0x0,0x0,0x0,
509,0x0,0x4c80,0x0,0x0,0x0,0x0,0x0,
510,0x0,0x4c80,0x0,0x0,0x0,0x0,0x0,
511,0x0,0x4c80,0x0,0x0,0x0,0x0,0x0,
